{
  "tag": "competence_ablation_s2",
  "seed": 2,
  "checkpoint": "tinystories_b64k4R6_s2_div0.0_crd0.0_diverse_currFromIter2_warm_model.pt",
  "n_top_ablated": 5,
  "ablation_cats": [
    "causality",
    "coreference",
    "dialogue",
    "emotion",
    "scene_shift",
    "temporal"
  ],
  "ablation_delta": [
    [
      0.00013501644134539248,
      0.00013649463653564453,
      6.613731384286226e-05,
      -0.00021915435790997861,
      0.0001232624053955078,
      -0.00022168159484881045
    ],
    [
      28.979158949851993,
      28.426115608215333,
      22.687185192108153,
      26.078675770759585,
      28.946148300170897,
      30.24285235404968
    ],
    [
      8.927863097190857,
      9.879514694213867,
      10.438147926330567,
      9.579399800300598,
      9.547845363616943,
      9.00987629890442
    ],
    [
      0.0001577854156495917,
      0.00020256042480459868,
      0.0005613565444946289,
      0.0002532958984375888,
      -8.909702301007627e-05,
      0.0002380847930907315
    ],
    [
      0.00016539096832302036,
      -8.406639099112212e-05,
      -7.312297821071567e-05,
      -5.3071975707918995e-05,
      0.00016598701477033018,
      -2.1696090698242188e-05
    ],
    [
      29.308299040794374,
      28.647103500366214,
      22.852197742462156,
      26.185726666450503,
      29.074529266357423,
      30.41285090446472
    ]
  ],
  "normal_loss": {
    "causality": 3.1823158502578734,
    "coreference": 3.424345016479492,
    "dialogue": 3.245223140716553,
    "emotion": 3.3585074186325072,
    "scene_shift": 3.077713966369629,
    "temporal": 3.499963617324829
  }
}