{
  "steps": 6000,
  "weighting": "end",
  "seed": 0,
  "D_max": 4,
  "R": 4,
  "device": "cuda",
  "max_distract": 0,
  "k": 4,
  "train_s": 1353.7484192848206,
  "L_depth_iter": [
    [
      1.6806940635045369,
      1.6748089790344238,
      1.6722175478935242,
      1.6763480106989543
    ],
    [
      2.2630410194396973,
      2.2240185340245566,
      2.204466183980306,
      2.190529187520345
    ],
    [
      2.120042602221171,
      2.1095144351323447,
      2.1051572958628335,
      2.1026418209075928
    ],
    [
      2.122625946998596,
      2.112652540206909,
      2.108217795689901,
      2.1055946350097656
    ]
  ],
  "rstar": [
    1,
    3,
    1,
    1
  ],
  "G_depth": [
    0.004346052805582534,
    0.07251183191935207,
    0.01740078131357814,
    0.017031311988830566
  ],
  "corr_rstar_depth_spearman": 0.39999999992,
  "control_oracle_loss": 2.0279684166113534,
  "control_fixedR_loss": 2.0348782440026603,
  "control_state_reset_L": 2.0549629082282386,
  "control_shuffle_route_L": 2.033006320397059
}