{
  "ckpt": "checkpoints/tinystories_curriculum_fromIter2/seed_0/step_3000",
  "tests": [
    "depth_truncation",
    "state_reset",
    "forced_diversity",
    "cache"
  ],
  "depth_truncation": {
    "loss_per_iter": [
      3.1299476623535156,
      3.129939317703247,
      3.1299116611480713,
      3.129930019378662,
      3.1299893856048584,
      3.1301159858703613
    ],
    "anytime_delta": 4e-05,
    "best_r": 3
  },
  "state_reset": {
    "loss_normal": [
      3.114607095718384,
      3.11458158493042,
      3.11449933052063,
      3.114489793777466,
      3.1145269870758057,
      3.114631414413452
    ],
    "loss_reset": [
      3.1821587085723877,
      3.1821587085723877,
      3.1821587085723877,
      3.1821587085723877,
      3.1821587085723877,
      3.1821587085723877
    ],
    "delta_final": 0.06753
  },
  "forced_diversity": {
    "loss_normal": [
      3.1779995560646057,
      3.178007423877716,
      3.1779590249061584,
      3.1779379844665527,
      3.1779525578022003,
      3.1780265271663666
    ],
    "loss_forced": [
      3.1779995560646057,
      NaN,
      NaN,
      NaN,
      NaN,
      NaN
    ],
    "delta": [
      0.0,
      NaN,
      NaN,
      NaN,
      NaN,
      NaN
    ],
    "state_rel_change": [
      20.90340757369995,
      0.0031624216062482446,
      0.001380086614517495,
      0.0013029186957282946,
      0.0012923577160108835,
      0.0012541981122922152
    ]
  },
  "cache": {
    "unique_stats": {
      "mean": 7.5865478515625,
      "p50": 8.0,
      "p90": 8.0,
      "max_possible": 24,
      "reduction_64": 8.44,
      "reduction_256": 33.74,
      "reduction_1000": 131.81
    },
    "hub_gini": 0.1298,
    "top5_share": 0.144,
    "cache_caps": [
      8,
      16,
      32
    ],
    "cache_learned": [
      0.2425,
      0.1906,
      0.1118
    ],
    "cache_random": [
      0.8962,
      0.7685,
      0.515
    ],
    "jaccard_consecutive": [
      0.07908723503351212,
      0.989271879196167,
      0.9929525256156921,
      0.9924142360687256,
      0.9920899271965027
    ]
  }
}