{
  "config": {
    "bs": 8,
    "seq": 64,
    "n_tok": 512,
    "threads": 8,
    "cpu": "Intel Core i7-10700 (8C/16T, 2.90GHz)",
    "ram_gb": 16
  },
  "models": {
    "srcore_b32_R6@10000": {
      "kind": "sparse",
      "working_set": 5.82,
      "by_R": {
        "R2": {
          "A_dense_all": 0.06804624997312203,
          "B_sparse_route": 0.03290049999486655,
          "C_sparse_pre": 0.027371599921025336,
          "D_fixed_core": 0.01293740002438426,
          "router_cost": 0.005528900073841214,
          "core_blocks": 6
        },
        "R6": {
          "A_dense_all": 0.2009208999807015,
          "B_sparse_route": 0.09255079994909465,
          "C_sparse_pre": 0.07218800007831305,
          "D_fixed_core": 0.039911000058054924,
          "router_cost": 0.0203627998707816,
          "core_blocks": 6
        }
      }
    }
  }
}