{
  "tag": "competence_ablation_s3",
  "seed": 3,
  "checkpoint": "tinystories_b64k4R6_s3_div0.0_crd0.0_diverse_currFromIter2_warm_model.pt",
  "n_top_ablated": 5,
  "ablation_cats": [
    "causality",
    "coreference",
    "dialogue",
    "emotion",
    "scene_shift",
    "temporal"
  ],
  "ablation_delta": [
    [
      27.104221391677857,
      26.525358414649965,
      19.96766600608826,
      23.968594765663145,
      27.115053033828733,
      28.493234634399414
    ],
    [
      -4.796981811505674e-05,
      6.582736968985259e-05,
      6.756782531747163e-05,
      0.00011916160583513857,
      4.098415374764741e-05,
      1.168251037686474e-06
    ],
    [
      6.93377251625061,
      7.59325258731842,
      8.922400331497192,
      7.839836812019349,
      7.407284593582154,
      6.923756504058837
    ],
    [
      -4.8398971559393544e-06,
      0.00025718212127667783,
      -7.600784301731167e-05,
      4.322528839129092e-05,
      -9.987354278528926e-05,
      0.00012104511261012973
    ],
    [
      0.0003691196441648614,
      0.0002186775207517755,
      3.9839744567782276e-05,
      0.00017006397247332217,
      0.00010180473327636719,
      0.00019950866699236514
    ],
    [
      0.000156402587890625,
      0.00018863677978497861,
      -1.349449157705962e-05,
      0.00012598037719735444,
      1.4901161193847656e-05,
      0.00044465065002441406
    ]
  ],
  "normal_loss": {
    "causality": 3.1809394359588623,
    "coreference": 3.4218221426010134,
    "dialogue": 3.243339204788208,
    "emotion": 3.353548216819763,
    "scene_shift": 3.071525144577026,
    "temporal": 3.50421028137207
  }
}