{
  "tag": "competence_ablation_s1",
  "seed": 1,
  "checkpoint": "tinystories_b64k4R6_s1_div0.0_crd0.0_diverse_currFromIter2_warm_model.pt",
  "n_top_ablated": 5,
  "ablation_cats": [
    "causality",
    "coreference",
    "dialogue",
    "emotion",
    "scene_shift",
    "temporal"
  ],
  "ablation_delta": [
    [
      29.5584774017334,
      28.66750099658966,
      22.967597222328184,
      26.146992635726928,
      29.09014039039612,
      30.363052034378054
    ],
    [
      7.942531967163086,
      8.913121724128723,
      9.812702584266663,
      9.082414197921754,
      8.56418843269348,
      8.30160994529724
    ],
    [
      55.156169700622556,
      56.56151916980743,
      54.346123528480526,
      54.97237830162049,
      54.649632120132445,
      56.75426411628723
    ],
    [
      28.922501182556154,
      28.236862111091614,
      22.548657250404357,
      25.64118685722351,
      28.56575016975403,
      30.00546898841858
    ],
    [
      -0.0002065896987915039,
      7.724761962890625e-05,
      0.00014724731445303618,
      -7.247924804332229e-06,
      0.0004989862442013049,
      1.6593933105379932e-05
    ],
    [
      0.0001672506332397461,
      0.00015237331390371978,
      4.832744598370908e-05,
      0.0002175092697145331,
      1.0824203490855666e-05,
      0.0003417253494260031
    ]
  ],
  "normal_loss": {
    "causality": 3.1835145950317383,
    "coreference": 3.4256050825119018,
    "dialogue": 3.242872214317322,
    "emotion": 3.3494024753570555,
    "scene_shift": 3.07425971031189,
    "temporal": 3.505649518966675
  }
}